{"cameraMode":{"drawMode":0,"name":"Shaded","section":"Shading Mode"},"sceneLighting":true,"audioPlay":false,"sceneViewState":{"m_AlwaysRefresh":false,"showFog":true,"showSkybox":true,"showFlares":true,"showImageEffects":true,"showParticleSystems":true,"showVisualEffectGraphs":true,"m_FxEnabled":true},"in2DMode":false,"pivot":{"x":5.320886135101318,"y":5.603569507598877,"z":197.09725952148438},"rotation":{"x":0.00003044937693630345,"y":0.9973424673080444,"z":-0.07526125758886337,"w":-0.008376242592930794},"size":0.06304208189249039,"orthographic":false}